fecha,valor_buy_and_hold,valor_dca,aportado_acumulado_dca
2000-01-01,10000.0,31.25,31.25
2000-02-01,9742.422435623146,61.69507011132233,62.5
2000-03-01,10116.58330936665,95.31448916403276,93.75
2000-04-01,10250.913656801746,127.83009713200637,125.0
2000-05-01,9950.125912779973,155.32923864058714,156.25
2000-06-01,10255.122440533394,191.34047270528507,187.5
2000-07-01,10332.564061195717,224.03538147068653,218.75
2000-08-01,10419.966470022939,257.1804804884223,250.0
2000-09-01,10297.84159540962,285.416254480786,281.25
2000-10-01,9751.331027855134,301.5190998289703,312.5
2000-11-01,9666.4538892669,330.1446295540839,343.75
2000-12-01,9335.994219937009,350.108227491522,375.0
2001-01-01,9368.963025834919,382.5945875324033,406.25
2001-02-01,9159.36559599885,405.28538605035493,437.5
2001-03-01,8318.310313624534,399.32020872894,468.75
2001-04-01,8346.298725439994,431.9137915031766,500.0
2001-05-01,8911.187648622676,492.39630816907345,531.25
2001-06-01,8689.10416038272,511.37486983486156,562.5
2001-07-01,8448.782609305621,528.4813632509619,593.75
2001-08-01,8266.752712911848,548.3451775426614,625.0
2001-09-01,7327.77306238119,517.3113544914432,656.25
2001-10-01,7551.890796091443,564.3831665759906,687.5
2001-11-01,7924.2980099467595,623.4646551775189,718.75
2001-12-01,8031.271263126146,663.1310527338686,750.0
2002-01-01,7998.162164437181,691.6472798666157,781.25
2002-02-01,7720.803316521581,698.9124582583804,812.5
2002-03-01,8093.420969563479,763.8930312572676,843.75
2002-04-01,7799.788157885508,767.4286618413174,875.0
2002-05-01,7570.549737301749,776.1236730659679,906.25
2002-06-01,7112.98479927609,760.4646647786451,937.5
2002-07-01,6338.358153466284,708.8976464441884,968.75
2002-08-01,6401.209323858893,747.177076730203,1000.0
2002-09-01,6087.374350269011,741.7948895482301,1031.25
2002-10-01,5994.921400963812,761.7787637323884,1062.5
2002-11-01,6382.830968230697,842.320697825974,1093.75
2002-12-01,6307.423593038672,863.6194405846155,1125.0
2003-01-01,6283.994696932499,891.6615301200227,1156.25
2003-02-01,5871.4637448354715,864.3758378241233,1187.5
2003-03-01,5938.8042845418395,905.5394706008595,1218.75
2003-04-01,6243.239641131041,983.2092915664256,1250.0
2003-05-01,6565.422035788692,1065.1978091013918,1281.25
2003-06-01,6930.463878113624,1155.673517449651,1312.5
2003-07-01,6962.310341683093,1192.2340010217372,1343.75
2003-08-01,6941.196276629325,1219.8684043273213,1375.0
2003-09-01,7151.004145651977,1287.9907214611428,1406.25
2003-10-01,7286.316542624458,1343.612279391953,1437.5
2003-11-01,7364.670066428637,1389.3108359569972,1468.75
2003-12-01,7580.300086280067,1461.2384386785118,1500.0
2004-01-01,7944.219586276559,1562.6404321255811,1531.25
2004-02-01,8020.258279028332,1608.8473620555083,1562.5
2004-03-01,7884.314564496104,1612.8273317267967,1593.75
2004-04-01,7950.1118835008665,1657.5369309826526,1625.0
2004-05-01,7735.6042059778765,1644.0637368082957,1656.25
2004-06-01,7945.903099769219,1720.0089895599892,1687.5
2004-07-01,7757.1391494048075,1710.3982230171562,1718.75
2004-08-01,7638.521594567864,1715.4938314168307,1750.0
2004-09-01,7839.982042522746,1791.9887327321385,1781.25
2004-10-01,7836.825454724009,1822.5172298334667,1812.5
2004-11-01,8199.69275878759,1938.154960250564,1843.75
2004-12-01,8412.025898049229,2019.5939782042526,1875.0
2005-01-01,8287.16531401034,2020.866932639226,1906.25
2005-02-01,8414.972046661384,2083.2832470539397,1937.5
2005-03-01,8381.792801576892,2106.3191062283804,1968.75
2005-04-01,8168.056734404704,2083.8578808816746,2000.0
2005-05-01,8265.209492210242,2139.8937689558493,2031.25
2005-06-01,8433.35040228958,2214.676081854203,2062.5
2005-07-01,8573.573046948983,2282.7498496864055,2093.75
2005-08-01,8587.812765241059,2317.791234516605,2125.0
2005-09-01,8599.386920503091,2352.165018924418,2156.25
2005-10-01,8361.169761291816,2318.256179813649,2187.5
2005-11-01,8679.704543382039,2437.824590771515,2218.75
2005-12-01,8852.966140334878,2517.737696707538,2250.0
2006-01-01,8969.830035283638,2582.223182874825,2281.25
2006-02-01,8955.239585013926,2609.2729027372043,2312.5
2006-03-01,9075.119774970364,2675.452189470278,2343.75
2006-04-01,9134.253186400018,2724.135415587763,2375.0
2006-05-01,9048.95516943862,2729.946735036416,2406.25
2006-06-01,8790.535848315436,2683.235139607899,2437.5
2006-07-01,8840.129349953353,2729.6231276199223,2468.75
2006-08-01,9028.893300317764,2819.158976636183,2500.0
2006-09-01,9243.471124236281,2917.4082176689303,2531.25
2006-10-01,9563.619273423637,3049.7028175554105,2562.5
2006-11-01,9740.809068526016,3137.456135171519,2593.75
2006-12-01,9935.675755301316,3231.4715253626873,2625.0
2007-01-01,9989.969065439574,3280.3798397089313,2656.25
2007-02-01,10134.751225808262,3359.1715765163067,2687.5
2007-03-01,9869.247118736805,3302.4200232417065,2718.75
2007-04-01,10266.907034982009,3466.733878472932,2750.0
2007-05-01,10600.102413737472,3610.490956188398,2781.25
2007-06-01,10621.497064373349,3649.0281681054767,2812.5
2007-07-01,10667.232514257255,3695.9906372513883,2843.75
2007-08-01,10203.634986216233,3566.6130217192062,2875.0
2007-09-01,10501.757167207963,3702.0696553575904,2906.25
2007-10-01,10800.159933781804,3838.5123207009915,2937.5
2007-11-01,10265.153375093822,3679.6142784709764,2968.75
2007-12-01,10376.1951192138,3750.667949418704,3000.0
2008-01-01,9671.504429744879,3527.19444500516,3031.25
2008-02-01,9503.924690829761,3497.328170025342,3062.5
2008-03-01,9237.859412594085,3430.669398343143,3093.75
2008-04-01,9613.35306785261,3601.366702619198,3125.0
2008-05-01,9843.08251320506,3718.678243193438,3156.25
2008-06-01,9408.385300121354,3585.701328860192,3187.5
2008-07-01,8819.71674885486,3392.5993769362794,3218.75
2008-08-01,8989.050147658163,3488.985299056361,3250.0
2008-09-01,8536.465603714954,3344.5703740131553,3281.25
2008-10-01,6795.782798700889,2693.8242868186408,3312.5
2008-11-01,6194.207310657342,2486.611889174579,3343.75
2008-12-01,6155.767085908291,2502.4303875974406,3375.0
2009-01-01,6071.7317040663875,2499.5184886464663,3406.25
2009-02-01,5648.3982070581305,2356.496970369918,3437.5
2009-03-01,5310.99404457102,2246.982835557761,3468.75
2009-04-01,5949.466536662014,2548.358676156426,3500.0
2009-05-01,6330.080878794043,2742.6387318874263,3531.25
2009-06-01,6496.397982589665,2845.9490640347326,3562.5
2009-07-01,6564.439986251307,2907.0069786906492,3593.75
2009-08-01,7082.891995594807,3167.8490859281796,3625.0
2009-09-01,7327.141744821442,3308.340670482485,3656.25
2009-10-01,7489.250064885417,3412.7855897250784,3687.5
2009-11-01,7632.418858156973,3509.2763535321783,3718.75
2009-12-01,7788.915466578751,3612.4812419559967,3750.0
2010-01-01,7881.5087086750045,3686.675776614238,3781.25
2010-02-01,7640.064815269468,3604.9873296580254,3812.5
2010-03-01,8081.2154967417,3844.395592137544,3843.75
2010-04-01,8398.768229294537,4026.7117684806426,3875.0
2010-05-01,7891.89037521307,3814.9438681779575,3906.25
2010-06-01,7599.379905863537,3704.794156782102,3937.5
2010-07-01,7574.407789055759,3723.8699328877883,3968.75
2010-08-01,7626.877292910304,3780.915957242299,4000.0
2010-09-01,7870.986749345885,3933.1797488249936,4031.25
2010-10-01,8218.21140720684,4137.940013304208,4062.5
2010-11-01,8409.78121339235,4265.647055728404,4093.75
2010-12-01,8708.885443921465,4448.610048960692,4125.0
2011-01-01,8997.11698314382,4627.092404934204,4156.25
2011-02-01,9267.180605924565,4797.23237826221,4187.5
2011-03-01,9150.52715016239,4768.095755964084,4218.75
2011-04-01,9340.062710877603,4898.107683863991,4250.0
2011-05-01,9387.762259836278,4954.372240457839,4281.25
2011-06-01,9029.875349855149,4796.748159185071,4312.5
2011-07-01,9295.730188904245,4969.22255713201,4343.75
2011-08-01,8314.522408266052,4475.947884223501,4375.0
2011-09-01,8234.34507817816,4464.036108555808,4406.25
2011-10-01,8468.21316086673,4622.07160950927,4437.5
2011-11-01,8602.894240279464,4726.832464947863,4468.75
2011-12-01,8721.44164872088,4823.2179557728805,4500.0
2012-01-01,9123.09990951115,5076.596981403896,4531.25
2012-02-01,9487.229848694225,5310.469003351549,4562.5
2012-03-01,9745.017852257663,5486.015623565501,4593.75
2012-04-01,9725.306715114444,5506.169121951512,4625.0
2012-05-01,9408.525592912409,5358.067407442067,4656.25
2012-06-01,9283.735155269047,5318.250419305155,4687.5
2012-07-01,9538.366571033748,5495.3677465188475,4718.75
2012-08-01,9844.695880302192,5703.104170418654,4750.0
2012-09-01,10125.071023225473,5896.777536902414,4781.25
2012-10-01,10085.789041730091,5905.149958507592,4812.5
2012-11-01,9781.985002700636,5758.525089119933,4843.75
2012-12-01,9976.851689475936,5904.4905282173595,4875.0
2013-01-01,10384.47239388604,6176.978211527171,4906.25
2013-02-01,10608.309542014184,6341.372885081501,4937.5
2013-03-01,10878.513457585983,6534.143792523321,4968.75
2013-04-01,11017.894345499057,6649.112470365148,5000.0
2013-05-01,11502.886524175956,6973.047028970257,5031.25
2013-06-01,11355.088068799585,6914.701641066314,5062.5
2013-07-01,11705.188728877169,7159.1460781423775,5093.75
2013-08-01,11715.07937064654,7196.445408133856,5125.0
2013-09-01,11834.889414207451,7301.293410379799,5156.25
2013-10-01,12065.390469910704,7474.746330930235,5187.5
2013-11-01,12510.89022790564,7781.992179536003,5218.75
2013-12-01,12680.925090664217,7919.006833220223,5250.0
2014-01-01,12783.198535343261,8014.124737295027,5281.25
2014-02-01,12745.88065292265,8021.979171324303,5312.5
2014-03-01,13071.921099334311,8258.431914182553,5343.75
2014-04-01,13077.111932603344,8292.961320690933,5375.0
2014-05-01,13256.05538759391,8437.689828673094,5406.25
2014-06-01,13658.134526757343,8724.86958783931,5437.5
2014-07-01,13840.585301524281,8872.669854123715,5468.75
2014-08-01,13759.425921899005,8851.891680076676,5500.0
2014-09-01,13981.78999572107,9026.195809383102,5531.25
2014-10-01,13589.250766349372,8804.035055233766,5562.5
2014-11-01,14341.92159035908,9322.91608313725,5593.75
2014-12-01,14409.963594020723,9398.396550182366,5625.0
2015-01-01,14226.951648089564,9310.283386628276,5656.25
2015-02-01,14605.882476728933,9589.510148328745,5687.5
2015-03-01,14590.380123317364,9610.58205908285,5718.75
2015-04-01,14694.687813466708,9710.538810181924,5750.0
2015-05-01,14814.497857027618,9820.961644107774,5781.25
2015-06-01,14725.762666685374,9793.386504758188,5812.5
2015-07-01,14689.637272988728,9800.611267416274,5843.75
2015-08-01,14308.952784461171,9577.876732722947,5875.0
2015-09-01,13639.335292755983,9160.909879244182,5906.25
2015-10-01,14203.312312796808,9570.95712585947,5937.5
2015-11-01,14594.799346235593,9866.012182726146,5968.75
2015-12-01,14408.6308125057,9771.413174579753,6000.0
2016-01-01,13458.287445899592,9158.174616737768,6031.25
2016-02-01,13358.819857041648,9121.738326700584,6062.5
2016-03-01,14183.250443675954,9715.930275187326,6093.75
2016-04-01,14559.164977307642,10004.692431000914,6125.0
2016-05-01,14489.088728175704,9987.787792985893,6156.25
2016-06-01,14617.737217573074,10107.719271586438,6187.5
2016-07-01,15073.758934897132,10454.294375044796,6218.75
2016-08-01,15228.431737035193,10592.816556611988,6250.0
2016-09-01,15135.417616565774,10559.36642646589,6281.25
2016-10-01,15032.512854326982,10518.823951422553,6312.5
2016-11-01,15186.624485300823,10657.911751449035,6343.75
2016-12-01,15759.299658387055,11091.062875883006,6375.0
2017-01-01,15959.146739244805,11262.961038390364,6406.25
2017-02-01,16343.478840339789,11565.448439183907,6437.5
2017-03-01,16602.389186231667,11779.916117931276,6468.75
2017-04-01,16549.70924319054,11773.788045223733,6500.0
2017-05-01,16802.516852671524,11984.890341509452,6531.25
2017-06-01,17073.562524989655,12209.471655428473,6562.5
2017-07-01,17214.626926395387,12341.598189428476,6593.75
2017-08-01,17229.49796224721,12383.509608344408,6625.0
2017-09-01,17486.37406266879,12599.386442201952,6656.25
2017-10-01,17936.43333637301,12954.915832027082,6687.5
2017-11-01,18193.239290399066,13171.648612085944,6718.75
2017-12-01,18689.38474596483,13562.100923278775,6750.0
2018-01-01,19569.441424252418,14231.971062538236,6781.25
2018-02-01,18975.722332507943,13831.43597732308,6812.5
2018-03-01,18958.95734397688,13850.465948938143,6843.75
2018-04-01,18614.257956354915,13629.895817469012,6875.0
2018-05-01,18949.978605349363,13906.970146340807,6906.25
2018-06-01,19320.77245210755,14210.337548935515,6937.5
2018-07-01,19596.37764013496,14444.293872495584,6968.75
2018-08-01,20046.57720663024,14807.38146815457,7000.0
2018-09-01,20352.976662294208,15064.953077818225,7031.25
2018-10-01,19538.997888593498,14493.708797221974,7062.5
2018-11-01,19102.476869226077,14201.154650527666,7093.75
2018-12-01,18008.75427016183,13419.309894260192,7125.0
2019-01-01,18289.901023435912,13660.057750211343,7156.25
2019-02-01,19324.34991827945,14463.899773814896,7187.5
2019-03-01,19668.909013110362,14753.045549603787,7218.75
2019-04-01,20369.11033326553,15309.495089815005,7250.0
2019-05-01,20024.761677621198,15081.931427042426,7281.25
2019-06-01,20273.500796161592,15300.522799161809,7312.5
2019-07-01,21016.657218159755,15892.637047149963,7343.75
2019-08-01,20324.905350193127,15400.78952264058,7375.0
2019-09-01,20918.749430060536,15882.012967816661,7406.25
2019-10-01,20887.351903422445,15889.425217529973,7437.5
2019-11-01,21779.785913200853,16599.56756949111,7468.75
2019-12-01,22283.752858883156,17014.91837750562,7500.0
2020-01-01,22995.411423641144,17589.560348718536,7531.25
2020-02-01,22989.17788793634,17616.04221691843,7562.5
2020-03-01,18605.5853110897,14288.25292147573,7593.75
2020-04-01,19374.260748849516,14909.811094295854,7625.0
2020-05-01,20480.04685779221,15792.038698487078,7656.25
2020-06-01,21778.07721077525,16824.19195366297,7687.5
2020-07-01,22500.291745235943,17413.373484619253,7718.75
2020-08-01,23791.623117446114,18444.007658447248,7750.0
2020-09-01,23607.886325427833,18332.819171489264,7781.25
2020-10-01,23980.957804392317,18653.779646523584,7812.5
2020-11-01,24894.903162900984,19395.949346464055,7843.75
2020-12-01,25921.267685659972,20226.853563400615,7875.0
2021-01-01,26611.777727485685,20796.92155908811,7906.25
2021-02-01,27240.876445984875,21319.807887766652,7937.5
2021-03-01,27430.8059180379,21499.70434796497,7968.75
2021-04-01,29048.858300606702,22799.15069438999,8000.0
2021-05-01,29235.961952595077,22977.24998922319,8031.25
2021-06-01,29731.47640944834,23397.93679198182,8062.5
2021-07-01,30609.872804543087,24120.463035639877,8093.75
2021-08-01,31244.652134459157,24651.916726808315,8125.0
2021-09-01,31183.884099448882,24635.22096853012,8156.25
2021-10-01,31290.252757504913,24750.502046473444,8187.5
2021-11-01,32740.035119962035,25928.525823183496,8218.75
2021-12-01,32791.845672828276,26000.807277578202,8250.0
2022-01-01,32083.667113265386,25470.539196863243,8281.25
2022-02-01,31116.804455108333,24734.217549095134,8312.5
2022-03-01,30803.142680513374,24516.143150092033,8343.75
2022-04-01,30803.358609417854,24547.565007359564,8375.0
2022-05-01,28341.669063335183,22617.065156422,8406.25
2022-06-01,27349.705502049455,21856.713770905164,8437.5
2022-07-01,27439.372470345606,21959.62177324113,8468.75
2022-08-01,29170.82080737282,23376.5430615374,8500.0
2022-09-01,27010.01323094631,21676.192442837506,8531.25
2022-10-01,26136.9043861205,21006.75136274932,8562.5
2022-11-01,27479.77028057556,22117.289465946174,8593.75
2022-12-01,27443.942173983778,22119.702958347443,8625.0
2023-01-01,27782.577739742846,22423.891812329704,8656.25
2023-02-01,28617.517917789162,23129.039259775527,8687.5
2023-03-01,27838.011843761415,22530.28260996003,8718.75
2023-04-01,28910.608017880688,23429.62243853322,8750.0
2023-05-01,29083.910393718976,23601.319475519802,8781.25
2023-06-01,30481.22431514571,24766.47656781733,8812.5
2023-07-01,31622.52470906783,25725.05117822899,8843.75
2023-08-01,31266.764607300658,25466.888902981143,8875.0
2023-09-01,31676.498853106437,25831.868876284687,8906.25
2023-10-01,29948.302106496256,24453.79166629607,8937.5
2023-11-01,31285.713283622925,25577.08268355752,8968.75
2023-12-01,32863.93703659538,26898.58165621116,9000.0
2024-01-01,33701.76558477543,27615.580280669354,9031.25
2024-02-01,35157.09285278376,28839.340711710003,9062.5
2024-03-01,36269.68483224489,29783.249198666068,9093.75
2024-04-01,35862.27456702138,29479.949794353095,9125.0
2024-05-01,36723.25142572549,30218.95062374521,9156.25
2024-06-01,37985.255227660135,31288.6824873344,9187.5
2024-07-01,38847.07384311057,32029.817648270942,9218.75
2024-08-01,38427.66854425186,31715.263603996813,9250.0
2024-09-01,39431.11273227225,32574.679822260037,9281.25
2024-10-01,40631.03697416509,33597.2066410508,9312.5
2024-11-01,41596.25137662302,34426.57822856817,9343.75
2024-12-01,42164.36703399996,34928.02151460436,9375.0
2025-01-01,41944.17749843925,34776.87141289873,9406.25
2025-02-01,42359.23372077526,35152.25396559546,9437.5
2025-03-01,39871.07092502052,33118.67599725525,9468.75
2025-04-01,37665.10707847278,31317.554801787144,9500.0
2025-05-01,40761.509269846174,33923.38251677083,9531.25
2025-06-01,42297.92577108426,35233.30069197343,9562.5
2025-07-01,44167.67794386885,36822.015728905,9593.75
2025-08-01,44956.47416157521,37510.87482423024,9625.0
2025-09-01,46184.52710807456,38566.7901524787,9656.25
2025-10-01,47248.43748903963,39486.46774875368,9687.5
2025-11-01,47284.913614713914,39548.20157925858,9718.75
2025-12-01,48071.53529415891,40237.366976943165,9750.0
2026-01-01,48605.2792177274,40715.377206108315,9781.25
2026-02-01,48357.592295119925,40539.14631832636,9812.5
2026-03-01,46678.357732587916,39162.660068394296,9843.75
2026-04-01,48800.91751485351,40974.71580504684,9875.0
2026-05-01,51996.36641671168,43688.96066028365,9906.25
2026-06-01,52259.27510714862,43941.11470080243,9937.5
2026-07-01,52478.90347154512,44157.034601632644,9968.75
2026-08-01,54092.13027588578,45545.69314310829,10000.0
